time,action,bull_score,bear_score,gap,bos,choch,sweep,regime,confidence,pnl,balance
200,SHORT,16.0,52.0,36.0,,,,SIDEWAYS,0.45499999999999996,-11.887831630934295,9988.112168369065
216,LONG,100.0,5.0,95.0,BULLISH,BULLISH_CHOCH,,SIDEWAYS,1.0,830.2222554397739,10818.33442380884
382,SHORT,8.0,56.0,48.0,,,SWEEP_LOW,SIDEWAYS,0.48999999999999994,-22.122595908608346,10796.211827900232
428,LONG,90.0,10.0,80.0,BULLISH,BULLISH_CHOCH,,SIDEWAYS,0.9,1145.273886670354,11941.485714570586
667,SHORT,0.0,76.0,76.0,,,,SIDEWAYS,0.6649999999999999,-52.13046076933118,11889.355253801255
677,LONG,100.0,0.0,100.0,BULLISH,BULLISH_CHOCH,,SIDEWAYS,1.0,343.5524045311578,12232.907658332413
783,SHORT,8.0,76.0,68.0,,,SWEEP_LOW,SIDEWAYS,0.6649999999999999,-27.34226797508015,12205.565390357333
793,SHORT,15.0,60.0,45.0,BEARISH,,,SIDEWAYS,0.6,-47.04902475234028,12158.516365604994
826,LONG,100.0,0.0,100.0,BULLISH,BULLISH_CHOCH,,SIDEWAYS,1.0,215.6129177758885,12374.129283380882
888,SHORT,8.0,52.0,44.0,,,,SIDEWAYS,0.45499999999999996,-22.269813136011855,12351.85947024487
949,LONG,64.0,0.0,64.0,,,,SIDEWAYS,0.5599999999999999,57.518160126911596,12409.377630371782
1032,SHORT,4.0,52.0,48.0,,,,SIDEWAYS,0.45499999999999996,-16.853161105198538,12392.524469266584
1076,SHORT,20.0,65.0,45.0,BEARISH,,,SIDEWAYS,0.65,56.13760398224015,12448.662073248825
1158,LONG,100.0,0.0,100.0,BULLISH,BULLISH_CHOCH,,SIDEWAYS,1.0,-101.59418063181809,12347.067892617006
1220,SHORT,0.0,85.0,85.0,BEARISH,,,SIDEWAYS,0.85,-154.28934407315975,12192.778548543845
1262,LONG,100.0,0.0,100.0,BULLISH,BULLISH_CHOCH,,SIDEWAYS,1.0,-402.9915591265697,11789.786989417276
1274,SHORT,19.25,69.75,50.5,BEARISH,,,SIDEWAYS,0.7,-162.04198366287764,11627.7450057544
1316,SHORT,16.8,60.6,43.8,,,SWEEP_LOW,SIDEWAYS,0.5319999999999999,-35.58442224689213,11592.160583507508
1361,LONG,79.75,5.0,74.75,BULLISH,BULLISH_CHOCH,,SIDEWAYS,0.8,-250.7481436064207,11341.412439901087
1369,SHORT,8.5,86.5,78.0,BEARISH,,,SIDEWAYS,0.86,1461.6173240015619,12803.029763902648
1525,LONG,99.5,5.0,94.5,BULLISH,BULLISH_CHOCH,,SIDEWAYS,0.99,489.2902700762121,13292.32003397886
1644,SHORT,0.0,47.6,47.6,,,,SIDEWAYS,0.413,-32.39204723380611,13259.927986745053
1673,LONG,74.5,5.0,69.5,BULLISH,BULLISH_CHOCH,,SIDEWAYS,0.74,-317.10604511466056,12942.821941630393
1700,SHORT,0.0,100.0,100.0,BEARISH,,,SIDEWAYS,1.0,240.31634649918837,13183.138288129581
1780,LONG,53.2,24.0,29.200000000000003,,,SWEEP_HIGH,SIDEWAYS,0.469,-60.21106723154832,13122.927220898033
1802,SHORT,0.0,51.400000000000006,51.400000000000006,,,,SIDEWAYS,0.44799999999999995,-59.05672987372275,13063.87049102431
1831,SHORT,0.0,45.800000000000004,45.800000000000004,,,,SIDEWAYS,0.39899999999999997,30.044416657100452,13093.91490768141
1907,SHORT,12.0,49.800000000000004,37.800000000000004,,,,SIDEWAYS,0.434,-32.38820839082794,13061.526699290582
1913,SHORT,8.0,69.8,61.8,,,SWEEP_LOW,SIDEWAYS,0.609,-63.648549803624284,12997.878149486958
1946,SHORT,9.25,77.25,68.0,BEARISH,,,SIDEWAYS,0.77,658.9206436279633,13656.798793114922
2064,LONG,87.25,5.0,82.25,BULLISH,BULLISH_CHOCH,,SIDEWAYS,0.87,-68.75996508821073,13588.03882802671
2186,LONG,68.2,24.0,44.2,,,SWEEP_HIGH,SIDEWAYS,0.595,-60.42982417653485,13527.609003850175
2199,SHORT,24.0,53.800000000000004,29.800000000000004,,,SWEEP_LOW,SIDEWAYS,0.469,-47.66943544375124,13479.939568406424
2216,LONG,77.2,12.0,65.2,,,SWEEP_HIGH,SIDEWAYS,0.6719999999999999,12.966967180077914,13492.906535586502
2283,LONG,100.0,5.0,95.0,BULLISH,BULLISH_CHOCH,,SIDEWAYS,1.0,72.09985901830929,13565.006394604812
2364,SHORT,0.0,100.0,100.0,BEARISH,,,SIDEWAYS,1.0,74.89934839534024,13639.905743000152
2423,LONG,100.0,15.0,85.0,BULLISH,BULLISH_CHOCH,,SIDEWAYS,1.0,-352.1890261270943,13287.716716873058
2446,SHORT,24.0,59.2,35.2,,,,SIDEWAYS,0.518,4.746708805816736,13292.463425678874
2448,SHORT,24.0,47.2,23.200000000000003,,,,SIDEWAYS,0.413,30.799234276700485,13323.262659955575
2453,SHORT,0.0,74.0,74.0,BEARISH,,,SIDEWAYS,0.74,155.61205077114352,13478.874710726719
2455,SHORT,15.999999999999998,80.0,64.0,,,,SIDEWAYS,0.7,178.24740401237477,13657.122114739093
2568,LONG,100.0,0.0,100.0,BULLISH,BULLISH_CHOCH,,SIDEWAYS,1.0,375.48477476581917,14032.606889504912
2720,SHORT,0.0,58.400000000000006,58.400000000000006,,,,SIDEWAYS,0.511,-93.49687591927126,13939.110013585641
2739,LONG,99.0,0.0,99.0,BULLISH,BULLISH_CHOCH,,SIDEWAYS,0.99,68.39543256126215,14007.505446146903
2844,LONG,100.0,10.0,90.0,BULLISH,BULLISH_CHOCH,,SIDEWAYS,1.0,-161.28139542707154,13846.224050719831
2858,SHORT,16.0,54.400000000000006,38.400000000000006,,,SWEEP_LOW,SIDEWAYS,0.476,-13.914899727652164,13832.30915099218
2872,LONG,73.60000000000001,12.0,61.60000000000001,,,SWEEP_HIGH,SIDEWAYS,0.644,372.16662675056796,14204.475777742748
3020,SHORT,5.0,64.0,59.0,BEARISH,,,SIDEWAYS,0.64,4.311857419643482,14208.78763516239
3084,LONG,70.4,8.0,62.400000000000006,,,,SIDEWAYS,0.616,-174.18962694468507,14034.598008217707
3114,SHORT,10.0,100.0,90.0,BEARISH,,,SIDEWAYS,1.0,818.2877092640116,14852.885717481719
3334,LONG,78.4,0.0,78.4,,,,SIDEWAYS,0.6859999999999999,23.93413874553051,14876.819856227248
3412,SHORT,0.0,70.4,70.4,,,,SIDEWAYS,0.616,-37.026031450848116,14839.7938247764
3428,LONG,80.0,0.0,80.0,,,,SIDEWAYS,0.7,-63.48102894837868,14776.31279582802
3477,SHORT,34.400000000000006,59.2,24.799999999999997,,,SWEEP_HIGH,SIDEWAYS,0.518,-6.268383962501751,14770.044411865518
3479,LONG,80.0,8.0,72.0,,,,SIDEWAYS,0.7,-70.6931478851262,14699.351263980392
3512,SHORT,11.200000000000003,50.400000000000006,39.2,,,,SIDEWAYS,0.44099999999999995,-33.099450584443034,14666.25181339595
3532,LONG,78.4,8.0,70.4,,,SWEEP_HIGH,SIDEWAYS,0.6859999999999999,-44.96279635130461,14621.289017044644
3576,SHORT,0.0,100.0,100.0,BEARISH,,,SIDEWAYS,1.0,2232.2195545228733,16853.508571567516
3831,SHORT,7.999999999999997,73.60000000000001,65.60000000000001,,,,SIDEWAYS,0.644,33.96054094313024,16887.469112510647
3845,LONG,70.4,0.0,70.4,,,,SIDEWAYS,0.616,277.58918946425206,17165.0583019749
3928,SHORT,0.0,50.400000000000006,50.400000000000006,,,,SIDEWAYS,0.44099999999999995,62.544801053164306,17227.603103028065
4012,LONG,50.400000000000006,0.0,50.400000000000006,,,,SIDEWAYS,0.44099999999999995,-68.97041171039506,17158.63269131767
4027,SHORT,0.0,88.0,88.0,BEARISH,,,SIDEWAYS,0.88,-493.87769004954345,16664.755001268128
4088,SHORT,28.749999999999993,60.0,31.250000000000007,BEARISH,,,SIDEWAYS,0.6,36.70141523524642,16701.456416503373
4103,SHORT,23.749999999999993,50.0,26.250000000000007,BEARISH,,,SIDEWAYS,0.5,-47.04763931159898,16654.408777191773
4110,SHORT,13.749999999999993,85.0,71.25,BEARISH,,,SIDEWAYS,0.85,-66.67113910715752,16587.737638084614
4182,SHORT,19.0,48.0,29.0,,,,SIDEWAYS,0.42,4.382431582120414,16592.120069666737
4234,LONG,59.0,8.0,51.0,,,SWEEP_HIGH,SIDEWAYS,0.518,492.266747386189,17084.386817052924
4353,SHORT,0.0,47.0,47.0,,,,SIDEWAYS,0.413,-51.37352028210791,17033.013296770816
4367,SHORT,16.0,47.0,31.0,,,,SIDEWAYS,0.413,-31.441970782597444,17001.571325988218
4371,LONG,59.0,8.0,51.0,,,,SIDEWAYS,0.518,-147.7466588947224,16853.824667093497
4398,SHORT,0.0,78.75,78.75,BEARISH,,,SIDEWAYS,0.79,366.97578189536057,17220.80044898886
4506,LONG,98.75,0.0,98.75,BULLISH,BULLISH_CHOCH,,SIDEWAYS,0.99,-451.24710493163104,16769.55334405723
4562,SHORT,12.800000000000006,50.800000000000004,38.0,,,,SIDEWAYS,0.44799999999999995,-94.09546741823945,16675.45787663899
4611,SHORT,0.0,68.80000000000003,68.80000000000003,,,,SIDEWAYS,0.602,-9.332503168219919,16666.125373470768
4619,SHORT,0.0,82.0,82.0,BEARISH,,,SIDEWAYS,0.82,31.103252215014415,16697.22862568578
4623,SHORT,8.0,46.6,38.6,,,SWEEP_LOW,SIDEWAYS,0.40599999999999997,368.30673650658656,17065.535362192368
4791,SHORT,36.99999999999999,47.20000000000002,10.200000000000024,,,SWEEP_LOW,SIDEWAYS,0.413,3.6168938703435503,17069.152256062713
4803,SHORT,4.999999999999995,51.20000000000002,46.200000000000024,,,,SIDEWAYS,0.44799999999999995,-38.85644107894043,17030.295814983772
4822,SHORT,24.999999999999996,60.800000000000026,35.800000000000026,,,,SIDEWAYS,0.5319999999999999,26.582312987332816,17056.878127971104
4839,SHORT,20.0,68.25,48.25,BEARISH,,,SIDEWAYS,0.68,-39.10857325377204,17017.76955471733
4884,LONG,73.8,8.0,65.8,,,,SIDEWAYS,0.644,-91.90764388488029,16925.861910832453
4908,SHORT,10.75,100.0,89.25,BEARISH,,,SIDEWAYS,1.0,102.04433461688883,17027.906245449343
4974,SHORT,4.999999999999995,47.20000000000002,42.200000000000024,,,,SIDEWAYS,0.413,-2.492241987715101,17025.41400346163
4976,SHORT,4.999999999999995,47.20000000000002,42.200000000000024,,,,SIDEWAYS,0.413,-27.819822044028715,16997.5941814176
4979,LONG,52.2,24.0,28.200000000000003,,,SWEEP_HIGH,SIDEWAYS,0.45499999999999996,-112.56790882589885,16885.026272591702
5008,LONG,51.80000000000001,16.999999999999996,34.80000000000001,,,SWEEP_HIGH,SIDEWAYS,0.45499999999999996,-32.79770286178143,16852.22856972992
5014,SHORT,40.75,73.25,32.5,BEARISH,,,SIDEWAYS,0.73,-456.06997513891275,16396.15859459101
5040,LONG,47.20000000000002,3.9999999999999947,43.200000000000024,,,,SIDEWAYS,0.413,-8.68913235845223,16387.469462232555
5047,SHORT,4.0,51.2,47.2,,,,SIDEWAYS,0.44799999999999995,30.40992828058149,16417.879390513135
5100,SHORT,15.999999999999995,69.60000000000002,53.60000000000003,,,,SIDEWAYS,0.609,-61.22333214739866,16356.656058365736
5103,LONG,88.0,0.0,88.0,BULLISH,BULLISH_CHOCH,,SIDEWAYS,0.88,-16.958001924021477,16339.698056441714
5160,SHORT,0.0,93.0,93.0,BEARISH,,,SIDEWAYS,0.93,11.868890699707105,16351.56694714142
5239,LONG,100.0,25.0,75.0,BULLISH,BULLISH_CHOCH,,SIDEWAYS,1.0,-424.7484863829086,15926.818460758512
5298,SHORT,11.5,91.0,79.5,BEARISH,,,SIDEWAYS,0.91,1929.6403642839437,17856.458825042457
5425,SHORT,0.0,47.20000000000002,47.20000000000002,,,,SIDEWAYS,0.413,-12.236104510125,17844.222720532332
5430,LONG,100.0,0.0,100.0,BULLISH,BULLISH_CHOCH,,SIDEWAYS,1.0,-392.96992725811924,17451.252793274212
5461,LONG,76.00000000000003,8.0,68.00000000000003,,,,SIDEWAYS,0.6649999999999999,-25.348005968700445,17425.904787305513
5463,SHORT,0.0,71.0,71.0,,,,SIDEWAYS,0.623,-76.01976950312107,17349.885017802393
5496,LONG,87.75,0.0,87.75,BULLISH,BULLISH_CHOCH,,SIDEWAYS,0.88,979.5335669628217,18329.418584765215
5658,SHORT,4.0,57.400000000000006,53.400000000000006,,,,SIDEWAYS,0.504,-110.73521324476457,18218.683371520452
5691,LONG,100.0,0.0,100.0,BULLISH,BULLISH_CHOCH,,SIDEWAYS,1.0,-116.03253318724173,18102.65083833321
5753,SHORT,0.0,81.75,81.75,BEARISH,,,SIDEWAYS,0.82,-414.1566971578747,17688.494141175335
5820,LONG,100.0,0.0,100.0,BULLISH,BULLISH_CHOCH,,SIDEWAYS,1.0,-433.8274765077881,17254.666664667548
5851,SHORT,16.249999999999993,71.00000000000001,54.75000000000002,BEARISH,,,SIDEWAYS,0.71,-318.5574739069419,16936.109190760606
5883,LONG,100.0,0.0,100.0,BULLISH,BULLISH_CHOCH,,SIDEWAYS,1.0,950.2748897212451,17886.38408048185
6012,SHORT,12.0,49.0,37.0,,,,SIDEWAYS,0.427,-34.99739837577203,17851.386682106076
6029,LONG,97.25,5.0,92.25,BULLISH,BULLISH_CHOCH,,SIDEWAYS,0.97,-200.30049654539994,17651.086185560678
6041,LONG,74.60000000000001,8.0,66.60000000000001,,,SWEEP_HIGH,SIDEWAYS,0.651,-204.4902309887056,17446.595954571974
6101,SHORT,9.600000000000012,48.0,38.39999999999999,,,,SIDEWAYS,0.42,-14.568779860580587,17432.027174711395
6172,SHORT,43.0,100.0,57.0,BEARISH,,,SIDEWAYS,1.0,-150.86408172891572,17281.16309298248
6188,LONG,94.00000000000003,15.0,79.00000000000003,BULLISH,BULLISH_CHOCH,,SIDEWAYS,0.94,-118.7570063651695,17162.40608661731
6225,LONG,53.600000000000016,41.600000000000016,12.0,,,,SIDEWAYS,0.469,8.923739700744182,17171.329826318055
6285,SHORT,0.0,49.600000000000016,49.600000000000016,,,,SIDEWAYS,0.434,331.7961797980067,17503.12600611606
6394,LONG,49.60000000000001,8.0,41.60000000000001,,,SWEEP_HIGH,SIDEWAYS,0.434,531.0624623187317,18034.188468434793
6629,SHORT,24.0,57.600000000000016,33.600000000000016,,,SWEEP_LOW,SIDEWAYS,0.504,610.7191605376207,18644.907628972414
6831,LONG,100.0,10.0,90.0,BULLISH,BULLISH_CHOCH,,SIDEWAYS,1.0,-221.11580564714765,18423.791823325268
6853,SHORT,0.0,69.60000000000001,69.60000000000001,,,,SIDEWAYS,0.609,-46.4558512713114,18377.335972053956
6897,LONG,75.20000000000003,4.0,71.20000000000003,,,,SIDEWAYS,0.6579999999999999,-81.88462691224662,18295.451345141708
6902,SHORT,0.0,97.00000000000001,97.00000000000001,BEARISH,,,SIDEWAYS,0.97,-679.4740696438548,17615.977275497855
6940,LONG,100.0,25.0,75.0,BULLISH,BULLISH_CHOCH,,SIDEWAYS,1.0,-597.6468072582766,17018.33046823958
6989,LONG,71.80000000000003,0.0,71.80000000000003,,,,SIDEWAYS,0.63,-215.71070657667926,16802.6197616629
7048,LONG,79.00000000000001,0.0,79.00000000000001,BULLISH,BULLISH_CHOCH,,SIDEWAYS,0.79,-4.460026032576506,16798.159735630325
7050,LONG,79.00000000000001,0.0,79.00000000000001,BULLISH,BULLISH_CHOCH,,SIDEWAYS,0.79,45.497379755422514,16843.657115385748
7052,LONG,100.0,0.0,100.0,BULLISH,BULLISH_CHOCH,,SIDEWAYS,1.0,-143.57948564672566,16700.077629739022
7063,SHORT,12.0,80.0,68.0,,,,SIDEWAYS,0.7,-22.13174534968454,16677.945884389337
7114,LONG,100.0,0.0,100.0,BULLISH,BULLISH_CHOCH,,SIDEWAYS,1.0,-267.64419716280065,16410.301687226536
7120,SHORT,0.0,50.800000000000026,50.800000000000026,,,,SIDEWAYS,0.44799999999999995,-20.556511167009965,16389.745176059525
7122,LONG,80.0,0.0,80.0,,,,SIDEWAYS,0.7,344.0442911546498,16733.789467214174
7209,SHORT,6.400000000000003,70.80000000000003,64.40000000000002,,,,SIDEWAYS,0.623,-160.82262873522615,16572.966838478947
7234,LONG,50.000000000000014,31.200000000000014,18.8,,,SWEEP_HIGH,SIDEWAYS,0.44099999999999995,-32.687115517782445,16540.279722961164
7254,SHORT,5.0,56.500000000000014,51.500000000000014,BEARISH,,,SIDEWAYS,0.57,95.08259924770871,16635.36232220887
7336,LONG,100.0,0.0,100.0,BULLISH,BULLISH_CHOCH,,SIDEWAYS,1.0,-341.4922757049313,16293.87004650394
7411,SHORT,0.0,100.0,100.0,BEARISH,,,SIDEWAYS,1.0,56.15168620587063,16350.02173270981
7546,LONG,80.0,0.0,80.0,,,,SIDEWAYS,0.7,-132.34516848787803,16217.676564221932
7564,LONG,80.0,2.0,78.0,,,,SIDEWAYS,0.7,-14.275498340459396,16203.401065881473
7571,LONG,58.40000000000003,35.600000000000016,22.80000000000001,,,,SIDEWAYS,0.511,18.094007096620164,16221.495072978094
7579,SHORT,39.000000000000014,73.50000000000003,34.500000000000014,BEARISH,,,SIDEWAYS,0.74,231.1853302743226,16452.680403252416
7672,LONG,70.80000000000003,0.0,70.80000000000003,,,,SIDEWAYS,0.623,-299.295613795789,16153.384789456628
7697,SHORT,13.0,100.0,87.0,BEARISH,,,SIDEWAYS,1.0,237.81992538613008,16391.20471484276
7787,SHORT,4.400000000000003,76.80000000000003,72.40000000000002,,,SWEEP_HIGH,SIDEWAYS,0.6719999999999999,80.02366819064189,16471.2283830334
7796,LONG,100.0,0.0,100.0,BULLISH,BULLISH_CHOCH,,SIDEWAYS,1.0,-379.50545206259653,16091.722930970805
7847,SHORT,0.0,71.50000000000001,71.50000000000001,BEARISH,,,SIDEWAYS,0.72,-327.87249046356385,15763.850440507242
