trade_id,action,score,market_regime,profit,TrendAgent,StructureAgent,SmartMoneyAgent,VolatilityAgent,PullbackAgent,TrendAgent_used,StructureAgent_used,SmartMoneyAgent_used,VolatilityAgent_used,PullbackAgent_used,bos_signal,choch_signal,fvg_signal,chan_trend,divergence
201,SHORT,52.0,SIDEWAYS,-11.887831630934295,SHORT,LONG,HOLD,HOLD,SHORT,True,False,False,False,True,,,BEARISH_FVG,BEAR,"{'bull_divergence': np.True_, 'bear_divergence': np.False_}"
217,LONG,100.0,SIDEWAYS,830.2222554397739,LONG,LONG,LONG,LONG,HOLD,True,True,True,True,False,BULLISH,BULLISH_CHOCH,,BEAR,"{'bull_divergence': np.False_, 'bear_divergence': np.True_}"
383,SHORT,56.0,SIDEWAYS,-22.122595908608346,SHORT,SHORT,HOLD,HOLD,SHORT,True,True,False,False,True,,,,BEAR,"{'bull_divergence': np.True_, 'bear_divergence': np.False_}"
429,LONG,90.0,SIDEWAYS,1145.273886670354,LONG,LONG,HOLD,HOLD,HOLD,True,True,False,False,False,BULLISH,BULLISH_CHOCH,BULLISH_FVG,BEAR,"{'bull_divergence': np.False_, 'bear_divergence': np.False_}"
668,SHORT,76.0,SIDEWAYS,-52.13046076933118,SHORT,SHORT,HOLD,HOLD,SHORT,True,True,False,False,True,,,BEARISH_FVG,BEAR,"{'bull_divergence': np.False_, 'bear_divergence': np.False_}"
678,LONG,100.0,SIDEWAYS,343.5524045311578,LONG,LONG,HOLD,HOLD,LONG,True,True,False,False,True,BULLISH,BULLISH_CHOCH,BULLISH_FVG,BEAR,"{'bull_divergence': np.False_, 'bear_divergence': np.False_}"
784,SHORT,76.0,SIDEWAYS,-27.34226797508015,SHORT,LONG,SHORT,HOLD,SHORT,True,False,True,False,True,,,BEARISH_FVG,BEAR,"{'bull_divergence': np.False_, 'bear_divergence': np.False_}"
794,SHORT,60.0,SIDEWAYS,-47.04902475234028,SHORT,SHORT,HOLD,HOLD,HOLD,True,True,False,False,False,BEARISH,,BEARISH_FVG,BULL,"{'bull_divergence': np.True_, 'bear_divergence': np.False_}"
827,LONG,100.0,SIDEWAYS,215.6129177758885,LONG,LONG,LONG,HOLD,LONG,True,True,True,False,True,BULLISH,BULLISH_CHOCH,,BEAR,"{'bull_divergence': np.False_, 'bear_divergence': np.False_}"
889,SHORT,52.0,SIDEWAYS,-22.269813136011855,SHORT,SHORT,SHORT,HOLD,SHORT,True,True,True,False,True,,,,BULL,"{'bull_divergence': np.False_, 'bear_divergence': np.False_}"
950,LONG,64.0,SIDEWAYS,57.518160126911596,LONG,LONG,LONG,HOLD,LONG,True,True,True,False,True,,,,BULL,"{'bull_divergence': np.False_, 'bear_divergence': np.False_}"
1033,SHORT,52.0,SIDEWAYS,-16.853161105198538,SHORT,SHORT,HOLD,HOLD,SHORT,True,True,False,False,True,,,,BULL,"{'bull_divergence': np.True_, 'bear_divergence': np.False_}"
1077,SHORT,65.0,SIDEWAYS,56.13760398224015,SHORT,SHORT,SHORT,LONG,HOLD,True,True,True,False,False,BEARISH,,,BULL,"{'bull_divergence': np.False_, 'bear_divergence': np.False_}"
1159,LONG,100.0,SIDEWAYS,-101.59418063181809,LONG,LONG,LONG,HOLD,HOLD,True,True,True,False,False,BULLISH,BULLISH_CHOCH,,BULL,"{'bull_divergence': np.False_, 'bear_divergence': np.False_}"
1221,SHORT,85.0,SIDEWAYS,-154.28934407315975,SHORT,SHORT,SHORT,HOLD,HOLD,True,True,True,False,False,BEARISH,,,BULL,"{'bull_divergence': np.False_, 'bear_divergence': np.False_}"
1263,LONG,100.0,SIDEWAYS,-402.9915591265697,LONG,LONG,LONG,HOLD,HOLD,True,True,True,False,False,BULLISH,BULLISH_CHOCH,,BEAR,"{'bull_divergence': np.False_, 'bear_divergence': np.False_}"
1275,SHORT,69.75,SIDEWAYS,-162.04198366287764,SHORT,SHORT,HOLD,LONG,HOLD,True,True,False,False,False,BEARISH,,BEARISH_FVG,BULL,"{'bull_divergence': np.False_, 'bear_divergence': np.False_}"
1317,SHORT,60.6,SIDEWAYS,-35.58442224689213,SHORT,LONG,SHORT,HOLD,SHORT,True,False,True,False,True,,,,BEAR,"{'bull_divergence': np.False_, 'bear_divergence': np.False_}"
1362,LONG,79.75,SIDEWAYS,-250.7481436064207,LONG,LONG,HOLD,HOLD,HOLD,True,True,False,False,False,BULLISH,BULLISH_CHOCH,BULLISH_FVG,BEAR,"{'bull_divergence': np.False_, 'bear_divergence': np.True_}"
1370,SHORT,86.5,SIDEWAYS,1461.6173240015619,SHORT,SHORT,SHORT,LONG,HOLD,True,True,True,False,False,BEARISH,,,BULL,"{'bull_divergence': np.False_, 'bear_divergence': np.False_}"
1526,LONG,99.5,SIDEWAYS,489.2902700762121,LONG,LONG,HOLD,HOLD,HOLD,True,True,False,False,False,BULLISH,BULLISH_CHOCH,,BULL,"{'bull_divergence': np.False_, 'bear_divergence': np.True_}"
1645,SHORT,47.6,SIDEWAYS,-32.39204723380611,SHORT,HOLD,HOLD,HOLD,SHORT,True,False,False,False,True,,,,BEAR,"{'bull_divergence': np.False_, 'bear_divergence': np.False_}"
1674,LONG,74.5,SIDEWAYS,-317.10604511466056,LONG,LONG,HOLD,HOLD,HOLD,True,True,False,False,False,BULLISH,BULLISH_CHOCH,,BEAR,"{'bull_divergence': np.False_, 'bear_divergence': np.True_}"
1701,SHORT,100.0,SIDEWAYS,240.31634649918837,SHORT,SHORT,SHORT,HOLD,HOLD,True,True,True,False,False,BEARISH,,BEARISH_FVG,BULL,"{'bull_divergence': np.False_, 'bear_divergence': np.False_}"
1781,LONG,53.2,SIDEWAYS,-60.21106723154832,LONG,LONG,LONG,HOLD,HOLD,True,True,True,False,False,,,,BEAR,"{'bull_divergence': np.False_, 'bear_divergence': np.True_}"
1803,SHORT,51.4,SIDEWAYS,-59.05672987372275,SHORT,SHORT,HOLD,HOLD,HOLD,True,True,False,False,False,,,BEARISH_FVG,BEAR,"{'bull_divergence': np.False_, 'bear_divergence': np.False_}"
1832,SHORT,45.8,SIDEWAYS,30.044416657100452,SHORT,SHORT,HOLD,HOLD,SHORT,True,True,False,False,True,,,,BULL,"{'bull_divergence': np.False_, 'bear_divergence': np.False_}"
1908,SHORT,49.8,SIDEWAYS,-32.38820839082794,SHORT,SHORT,HOLD,HOLD,SHORT,True,True,False,False,True,,,,BULL,"{'bull_divergence': np.True_, 'bear_divergence': np.False_}"
1914,SHORT,69.8,SIDEWAYS,-63.648549803624284,SHORT,SHORT,SHORT,HOLD,HOLD,True,True,True,False,False,,,,BEAR,"{'bull_divergence': np.False_, 'bear_divergence': np.False_}"
1947,SHORT,77.25,SIDEWAYS,658.9206436279633,SHORT,SHORT,SHORT,LONG,HOLD,True,True,True,False,False,BEARISH,,,BULL,"{'bull_divergence': np.False_, 'bear_divergence': np.False_}"
2065,LONG,87.25,SIDEWAYS,-68.75996508821073,LONG,LONG,LONG,HOLD,HOLD,True,True,True,False,False,BULLISH,BULLISH_CHOCH,,BEAR,"{'bull_divergence': np.False_, 'bear_divergence': np.True_}"
2187,LONG,68.2,SIDEWAYS,-60.42982417653485,LONG,LONG,LONG,HOLD,LONG,True,True,True,False,True,,,BULLISH_FVG,BEAR,"{'bull_divergence': np.False_, 'bear_divergence': np.True_}"
2200,SHORT,53.8,SIDEWAYS,-47.66943544375124,SHORT,SHORT,HOLD,HOLD,SHORT,True,True,False,False,True,,,,BULL,"{'bull_divergence': np.True_, 'bear_divergence': np.False_}"
2217,LONG,77.2,SIDEWAYS,12.966967180077914,LONG,LONG,LONG,LONG,HOLD,True,True,True,True,False,,,BULLISH_FVG,BEAR,"{'bull_divergence': np.False_, 'bear_divergence': np.True_}"
2284,LONG,100.0,SIDEWAYS,72.09985901830929,LONG,LONG,LONG,LONG,HOLD,True,True,True,True,False,BULLISH,BULLISH_CHOCH,BULLISH_FVG,BEAR,"{'bull_divergence': np.False_, 'bear_divergence': np.True_}"
2365,SHORT,100.0,SIDEWAYS,74.89934839534024,SHORT,SHORT,SHORT,HOLD,HOLD,True,True,True,False,False,BEARISH,,BEARISH_FVG,BEAR,"{'bull_divergence': np.False_, 'bear_divergence': np.False_}"
2424,LONG,100.0,SIDEWAYS,-352.1890261270943,LONG,LONG,LONG,LONG,HOLD,True,True,True,True,False,BULLISH,BULLISH_CHOCH,,BEAR,"{'bull_divergence': np.False_, 'bear_divergence': np.False_}"
2447,SHORT,59.2,SIDEWAYS,4.746708805816736,LONG,SHORT,HOLD,HOLD,HOLD,False,True,False,False,False,,,BEARISH_FVG,BEAR,"{'bull_divergence': np.True_, 'bear_divergence': np.False_}"
2449,SHORT,47.2,SIDEWAYS,30.799234276700485,LONG,SHORT,HOLD,HOLD,HOLD,False,True,False,False,False,,,,BEAR,"{'bull_divergence': np.True_, 'bear_divergence': np.False_}"
2454,SHORT,74.0,SIDEWAYS,155.61205077114352,LONG,SHORT,HOLD,HOLD,HOLD,False,True,False,False,False,BEARISH,,BEARISH_FVG,BEAR,"{'bull_divergence': np.False_, 'bear_divergence': np.False_}"
2456,SHORT,80.0,SIDEWAYS,178.24740401237477,LONG,SHORT,SHORT,HOLD,HOLD,False,True,True,False,False,,,BEARISH_FVG,BEAR,"{'bull_divergence': np.False_, 'bear_divergence': np.False_}"
2569,LONG,100.0,SIDEWAYS,375.48477476581917,LONG,LONG,LONG,HOLD,HOLD,True,True,True,False,False,BULLISH,BULLISH_CHOCH,BULLISH_FVG,BULL,"{'bull_divergence': np.False_, 'bear_divergence': np.False_}"
2721,SHORT,58.4,SIDEWAYS,-93.49687591927126,SHORT,SHORT,HOLD,LONG,SHORT,True,True,False,False,True,,,,BEAR,"{'bull_divergence': np.False_, 'bear_divergence': np.True_}"
2740,LONG,99.0,SIDEWAYS,68.39543256126215,LONG,LONG,HOLD,HOLD,HOLD,True,True,False,False,False,BULLISH,BULLISH_CHOCH,,BULL,"{'bull_divergence': np.False_, 'bear_divergence': np.False_}"
2845,LONG,100.0,SIDEWAYS,-161.28139542707154,LONG,LONG,LONG,HOLD,LONG,True,True,True,False,True,BULLISH,BULLISH_CHOCH,BULLISH_FVG,BULL,"{'bull_divergence': np.False_, 'bear_divergence': np.False_}"
2859,SHORT,54.4,SIDEWAYS,-13.914899727652164,SHORT,SHORT,HOLD,LONG,SHORT,True,True,False,False,True,,,,BULL,"{'bull_divergence': np.False_, 'bear_divergence': np.False_}"
2873,LONG,73.6,SIDEWAYS,372.16662675056796,LONG,LONG,LONG,HOLD,LONG,True,True,True,False,True,,,,BEAR,"{'bull_divergence': np.False_, 'bear_divergence': np.True_}"
3021,SHORT,64.0,SIDEWAYS,4.311857419643482,SHORT,SHORT,HOLD,HOLD,HOLD,True,True,False,False,False,BEARISH,,,BULL,"{'bull_divergence': np.True_, 'bear_divergence': np.False_}"
3085,LONG,70.4,SIDEWAYS,-174.18962694468507,LONG,LONG,HOLD,HOLD,LONG,True,True,False,False,True,,,BULLISH_FVG,BULL,"{'bull_divergence': np.True_, 'bear_divergence': np.False_}"
3115,SHORT,100.0,SIDEWAYS,818.2877092640116,SHORT,SHORT,SHORT,LONG,HOLD,True,True,True,False,False,BEARISH,,BEARISH_FVG,BULL,"{'bull_divergence': np.False_, 'bear_divergence': np.False_}"
3335,LONG,78.4,SIDEWAYS,23.93413874553051,LONG,HOLD,LONG,HOLD,LONG,True,False,True,False,True,,,BULLISH_FVG,BULL,"{'bull_divergence': np.True_, 'bear_divergence': np.False_}"
3413,SHORT,70.4,SIDEWAYS,-37.026031450848116,SHORT,SHORT,HOLD,HOLD,SHORT,True,True,False,False,True,,,BEARISH_FVG,BEAR,"{'bull_divergence': np.False_, 'bear_divergence': np.True_}"
3429,LONG,80.0,SIDEWAYS,-63.48102894837868,LONG,LONG,LONG,HOLD,LONG,True,True,True,False,True,,,BULLISH_FVG,BULL,"{'bull_divergence': np.False_, 'bear_divergence': np.True_}"
3478,SHORT,59.2,SIDEWAYS,-6.268383962501751,SHORT,LONG,SHORT,HOLD,LONG,True,False,True,False,False,,,BULLISH_FVG,BEAR,"{'bull_divergence': np.False_, 'bear_divergence': np.False_}"
3480,LONG,80.0,SIDEWAYS,-70.6931478851262,LONG,LONG,LONG,LONG,LONG,True,True,True,True,True,,,,BEAR,"{'bull_divergence': np.False_, 'bear_divergence': np.False_}"
3513,SHORT,50.4,SIDEWAYS,-33.099450584443034,SHORT,LONG,SHORT,HOLD,SHORT,True,False,True,False,True,,,,BEAR,"{'bull_divergence': np.False_, 'bear_divergence': np.False_}"
3533,LONG,78.4,SIDEWAYS,-44.96279635130461,LONG,LONG,HOLD,LONG,LONG,True,True,False,True,True,,,,BULL,"{'bull_divergence': np.False_, 'bear_divergence': np.False_}"
3577,SHORT,100.0,SIDEWAYS,2232.2195545228733,SHORT,SHORT,SHORT,HOLD,HOLD,True,True,True,False,False,BEARISH,,BEARISH_FVG,BEAR,"{'bull_divergence': np.True_, 'bear_divergence': np.False_}"
3832,SHORT,73.6,SIDEWAYS,33.96054094313024,LONG,SHORT,SHORT,HOLD,SHORT,False,True,True,False,True,,,,BEAR,"{'bull_divergence': np.True_, 'bear_divergence': np.False_}"
3846,LONG,70.4,SIDEWAYS,277.58918946425206,LONG,LONG,HOLD,HOLD,LONG,True,True,False,False,True,,,,BULL,"{'bull_divergence': np.True_, 'bear_divergence': np.False_}"
3929,SHORT,50.4,SIDEWAYS,62.544801053164306,SHORT,SHORT,HOLD,HOLD,SHORT,True,True,False,False,True,,,,BEAR,"{'bull_divergence': np.True_, 'bear_divergence': np.False_}"
4013,LONG,50.4,SIDEWAYS,-68.97041171039506,LONG,LONG,LONG,HOLD,HOLD,True,True,True,False,False,,,,BULL,"{'bull_divergence': np.False_, 'bear_divergence': np.False_}"
4028,SHORT,88.0,SIDEWAYS,-493.87769004954345,SHORT,SHORT,SHORT,HOLD,HOLD,True,True,True,False,False,BEARISH,,,BULL,"{'bull_divergence': np.False_, 'bear_divergence': np.False_}"
4089,SHORT,60.0,SIDEWAYS,36.70141523524642,LONG,SHORT,HOLD,HOLD,HOLD,False,True,False,False,False,BEARISH,,BEARISH_FVG,BULL,"{'bull_divergence': np.False_, 'bear_divergence': np.False_}"
4104,SHORT,50.0,SIDEWAYS,-47.04763931159898,LONG,SHORT,HOLD,HOLD,HOLD,False,True,False,False,False,BEARISH,,,BULL,"{'bull_divergence': np.True_, 'bear_divergence': np.False_}"
4111,SHORT,85.0,SIDEWAYS,-66.67113910715752,LONG,SHORT,SHORT,HOLD,HOLD,False,True,True,False,False,BEARISH,,BEARISH_FVG,BULL,"{'bull_divergence': np.False_, 'bear_divergence': np.False_}"
4183,SHORT,48.0,SIDEWAYS,4.382431582120414,LONG,LONG,HOLD,HOLD,SHORT,False,False,False,False,True,,,BEARISH_FVG,BEAR,"{'bull_divergence': np.False_, 'bear_divergence': np.False_}"
4235,LONG,59.0,SIDEWAYS,492.266747386189,LONG,LONG,LONG,HOLD,LONG,True,True,True,False,True,,,,BEAR,"{'bull_divergence': np.False_, 'bear_divergence': np.False_}"
4354,SHORT,47.0,SIDEWAYS,-51.37352028210791,SHORT,HOLD,HOLD,LONG,SHORT,True,False,False,False,True,,,,BEAR,"{'bull_divergence': np.False_, 'bear_divergence': np.True_}"
4368,SHORT,47.0,SIDEWAYS,-31.441970782597444,SHORT,SHORT,HOLD,HOLD,SHORT,True,True,False,False,True,,,,BULL,"{'bull_divergence': np.True_, 'bear_divergence': np.False_}"
4372,LONG,59.0,SIDEWAYS,-147.7466588947224,LONG,LONG,LONG,HOLD,HOLD,True,True,True,False,False,,,BULLISH_FVG,BEAR,"{'bull_divergence': np.False_, 'bear_divergence': np.False_}"
4399,SHORT,78.75,SIDEWAYS,366.97578189536057,SHORT,SHORT,SHORT,HOLD,HOLD,True,True,True,False,False,BEARISH,,,BULL,"{'bull_divergence': np.False_, 'bear_divergence': np.False_}"
4507,LONG,98.75,SIDEWAYS,-451.24710493163104,LONG,LONG,LONG,HOLD,HOLD,True,True,True,False,False,BULLISH,BULLISH_CHOCH,,BEAR,"{'bull_divergence': np.False_, 'bear_divergence': np.False_}"
4563,SHORT,50.8,SIDEWAYS,-94.09546741823945,SHORT,LONG,HOLD,HOLD,SHORT,True,False,False,False,True,,,,BEAR,"{'bull_divergence': np.False_, 'bear_divergence': np.True_}"
4612,SHORT,68.8,SIDEWAYS,-9.332503168219919,LONG,SHORT,SHORT,HOLD,SHORT,False,True,True,False,True,,,,BEAR,"{'bull_divergence': np.False_, 'bear_divergence': np.True_}"
4620,SHORT,82.0,SIDEWAYS,31.103252215014415,LONG,SHORT,HOLD,HOLD,HOLD,False,True,False,False,False,BEARISH,,BEARISH_FVG,BEAR,"{'bull_divergence': np.False_, 'bear_divergence': np.False_}"
4624,SHORT,46.6,SIDEWAYS,368.30673650658656,SHORT,SHORT,HOLD,HOLD,HOLD,True,True,False,False,False,,,,BULL,"{'bull_divergence': np.False_, 'bear_divergence': np.False_}"
4792,SHORT,47.2,SIDEWAYS,3.6168938703435503,LONG,SHORT,HOLD,HOLD,SHORT,False,True,False,False,True,,,BEARISH_FVG,BULL,"{'bull_divergence': np.True_, 'bear_divergence': np.False_}"
4804,SHORT,51.2,SIDEWAYS,-38.85644107894043,LONG,SHORT,HOLD,HOLD,SHORT,False,True,False,False,True,,,BEARISH_FVG,BEAR,"{'bull_divergence': np.True_, 'bear_divergence': np.False_}"
4823,SHORT,60.8,SIDEWAYS,26.582312987332816,LONG,SHORT,SHORT,HOLD,SHORT,False,True,True,False,True,,,,BULL,"{'bull_divergence': np.True_, 'bear_divergence': np.False_}"
4840,SHORT,68.25,SIDEWAYS,-39.10857325377204,SHORT,SHORT,HOLD,HOLD,HOLD,True,True,False,False,False,BEARISH,,BEARISH_FVG,BULL,"{'bull_divergence': np.True_, 'bear_divergence': np.False_}"
4885,LONG,73.8,SIDEWAYS,-91.90764388488029,LONG,LONG,LONG,HOLD,LONG,True,True,True,False,True,,,,BULL,"{'bull_divergence': np.False_, 'bear_divergence': np.False_}"
4909,SHORT,100.0,SIDEWAYS,102.04433461688883,SHORT,SHORT,SHORT,LONG,HOLD,True,True,True,False,False,BEARISH,,BEARISH_FVG,BULL,"{'bull_divergence': np.False_, 'bear_divergence': np.False_}"
4975,SHORT,47.2,SIDEWAYS,-2.492241987715101,LONG,SHORT,HOLD,HOLD,SHORT,False,True,False,False,True,,,,BEAR,"{'bull_divergence': np.True_, 'bear_divergence': np.False_}"
4977,SHORT,47.2,SIDEWAYS,-27.819822044028715,LONG,SHORT,HOLD,HOLD,SHORT,False,True,False,False,True,,,,BEAR,"{'bull_divergence': np.True_, 'bear_divergence': np.False_}"
4980,LONG,52.2,SIDEWAYS,-112.56790882589885,LONG,LONG,LONG,HOLD,HOLD,True,True,True,False,False,,,BULLISH_FVG,BEAR,"{'bull_divergence': np.False_, 'bear_divergence': np.False_}"
5009,LONG,51.8,SIDEWAYS,-32.79770286178143,SHORT,HOLD,LONG,LONG,LONG,False,False,True,True,True,,,,BULL,"{'bull_divergence': np.False_, 'bear_divergence': np.False_}"
5015,SHORT,73.25,SIDEWAYS,-456.06997513891275,SHORT,SHORT,HOLD,LONG,HOLD,True,True,False,False,False,BEARISH,,,BULL,"{'bull_divergence': np.True_, 'bear_divergence': np.False_}"
5041,LONG,47.2,SIDEWAYS,-8.68913235845223,SHORT,HOLD,LONG,HOLD,LONG,False,False,True,False,True,,,,BULL,"{'bull_divergence': np.False_, 'bear_divergence': np.True_}"
5048,SHORT,51.2,SIDEWAYS,30.40992828058149,SHORT,HOLD,SHORT,HOLD,SHORT,True,False,True,False,True,,,,BULL,"{'bull_divergence': np.True_, 'bear_divergence': np.False_}"
5101,SHORT,69.6,SIDEWAYS,-61.22333214739866,LONG,SHORT,SHORT,HOLD,SHORT,False,True,True,False,True,,,,BEAR,"{'bull_divergence': np.True_, 'bear_divergence': np.False_}"
5104,LONG,88.0,SIDEWAYS,-16.958001924021477,LONG,LONG,HOLD,HOLD,HOLD,True,True,False,False,False,BULLISH,BULLISH_CHOCH,,BULL,"{'bull_divergence': np.False_, 'bear_divergence': np.False_}"
5161,SHORT,93.0,SIDEWAYS,11.868890699707105,SHORT,SHORT,HOLD,HOLD,HOLD,True,True,False,False,False,BEARISH,,BEARISH_FVG,BULL,"{'bull_divergence': np.False_, 'bear_divergence': np.False_}"
5240,LONG,100.0,SIDEWAYS,-424.7484863829086,LONG,LONG,HOLD,HOLD,HOLD,True,True,False,False,False,BULLISH,BULLISH_CHOCH,,BULL,"{'bull_divergence': np.False_, 'bear_divergence': np.True_}"
5299,SHORT,91.0,SIDEWAYS,1929.6403642839437,SHORT,SHORT,SHORT,LONG,HOLD,True,True,True,False,False,BEARISH,,,BULL,"{'bull_divergence': np.False_, 'bear_divergence': np.False_}"
5426,SHORT,47.2,SIDEWAYS,-12.236104510125,LONG,HOLD,SHORT,HOLD,SHORT,False,False,True,False,True,,,,BEAR,"{'bull_divergence': np.False_, 'bear_divergence': np.True_}"
5431,LONG,100.0,SIDEWAYS,-392.96992725811924,LONG,LONG,LONG,HOLD,HOLD,True,True,True,False,False,BULLISH,BULLISH_CHOCH,,BULL,"{'bull_divergence': np.False_, 'bear_divergence': np.False_}"
5462,LONG,76.0,SIDEWAYS,-25.348005968700445,SHORT,LONG,LONG,HOLD,LONG,False,True,True,False,True,,,,BULL,"{'bull_divergence': np.False_, 'bear_divergence': np.False_}"
5464,SHORT,71.0,SIDEWAYS,-76.01976950312107,SHORT,SHORT,SHORT,HOLD,SHORT,True,True,True,False,True,,,,BULL,"{'bull_divergence': np.False_, 'bear_divergence': np.False_}"
5497,LONG,87.75,SIDEWAYS,979.5335669628217,LONG,LONG,HOLD,HOLD,HOLD,True,True,False,False,False,BULLISH,BULLISH_CHOCH,,BULL,"{'bull_divergence': np.False_, 'bear_divergence': np.True_}"
5659,SHORT,57.4,SIDEWAYS,-110.73521324476457,SHORT,SHORT,SHORT,HOLD,HOLD,True,True,True,False,False,,,,BULL,"{'bull_divergence': np.True_, 'bear_divergence': np.False_}"
5692,LONG,100.0,SIDEWAYS,-116.03253318724173,LONG,LONG,HOLD,LONG,HOLD,True,True,False,True,False,BULLISH,BULLISH_CHOCH,,BEAR,"{'bull_divergence': np.False_, 'bear_divergence': np.False_}"
5754,SHORT,81.75,SIDEWAYS,-414.1566971578747,SHORT,SHORT,SHORT,HOLD,HOLD,True,True,True,False,False,BEARISH,,,BULL,"{'bull_divergence': np.False_, 'bear_divergence': np.False_}"
5821,LONG,100.0,SIDEWAYS,-433.8274765077881,LONG,LONG,LONG,HOLD,HOLD,True,True,True,False,False,BULLISH,BULLISH_CHOCH,BULLISH_FVG,BULL,"{'bull_divergence': np.False_, 'bear_divergence': np.False_}"
5852,SHORT,71.0,SIDEWAYS,-318.5574739069419,LONG,SHORT,HOLD,HOLD,HOLD,False,True,False,False,False,BEARISH,,BEARISH_FVG,BULL,"{'bull_divergence': np.True_, 'bear_divergence': np.False_}"
5884,LONG,100.0,SIDEWAYS,950.2748897212451,LONG,LONG,HOLD,LONG,HOLD,True,True,False,True,False,BULLISH,BULLISH_CHOCH,,BEAR,"{'bull_divergence': np.False_, 'bear_divergence': np.False_}"
6013,SHORT,49.0,SIDEWAYS,-34.99739837577203,SHORT,SHORT,HOLD,HOLD,SHORT,True,True,False,False,True,,,,BULL,"{'bull_divergence': np.True_, 'bear_divergence': np.False_}"
6030,LONG,97.25,SIDEWAYS,-200.30049654539994,LONG,LONG,HOLD,HOLD,HOLD,True,True,False,False,False,BULLISH,BULLISH_CHOCH,BULLISH_FVG,BEAR,"{'bull_divergence': np.False_, 'bear_divergence': np.True_}"
6042,LONG,74.6,SIDEWAYS,-204.4902309887056,LONG,LONG,LONG,HOLD,HOLD,True,True,True,False,False,,,,BULL,"{'bull_divergence': np.False_, 'bear_divergence': np.False_}"
6102,SHORT,48.0,SIDEWAYS,-14.568779860580587,SHORT,LONG,HOLD,HOLD,SHORT,True,False,False,False,True,,,BEARISH_FVG,BEAR,"{'bull_divergence': np.False_, 'bear_divergence': np.False_}"
6173,SHORT,100.0,SIDEWAYS,-150.86408172891572,LONG,SHORT,SHORT,LONG,SHORT,False,True,True,False,True,BEARISH,,BEARISH_FVG,BULL,"{'bull_divergence': np.True_, 'bear_divergence': np.False_}"
6189,LONG,94.0,SIDEWAYS,-118.7570063651695,LONG,LONG,LONG,HOLD,HOLD,True,True,True,False,False,BULLISH,BULLISH_CHOCH,,BEAR,"{'bull_divergence': np.False_, 'bear_divergence': np.True_}"
6226,LONG,53.6,SIDEWAYS,8.923739700744182,LONG,LONG,SHORT,HOLD,LONG,True,True,False,False,True,,,BULLISH_FVG,BEAR,"{'bull_divergence': np.False_, 'bear_divergence': np.False_}"
6286,SHORT,49.6,SIDEWAYS,331.7961797980067,SHORT,SHORT,HOLD,HOLD,SHORT,True,True,False,False,True,,,,BULL,"{'bull_divergence': np.False_, 'bear_divergence': np.False_}"
6395,LONG,49.6,SIDEWAYS,531.0624623187317,LONG,HOLD,LONG,HOLD,HOLD,True,False,True,False,False,,,BULLISH_FVG,BULL,"{'bull_divergence': np.False_, 'bear_divergence': np.False_}"
6630,SHORT,57.6,SIDEWAYS,610.7191605376207,SHORT,SHORT,HOLD,HOLD,SHORT,True,True,False,False,True,,,,BULL,"{'bull_divergence': np.True_, 'bear_divergence': np.False_}"
6832,LONG,100.0,SIDEWAYS,-221.11580564714765,LONG,LONG,LONG,HOLD,HOLD,True,True,True,False,False,BULLISH,BULLISH_CHOCH,,BULL,"{'bull_divergence': np.False_, 'bear_divergence': np.False_}"
6854,SHORT,69.6,SIDEWAYS,-46.4558512713114,SHORT,SHORT,HOLD,HOLD,SHORT,True,True,False,False,True,,,,BEAR,"{'bull_divergence': np.False_, 'bear_divergence': np.False_}"
6898,LONG,75.2,SIDEWAYS,-81.88462691224662,LONG,LONG,LONG,HOLD,LONG,True,True,True,False,True,,,,BEAR,"{'bull_divergence': np.False_, 'bear_divergence': np.True_}"
6903,SHORT,97.0,SIDEWAYS,-679.4740696438548,SHORT,SHORT,HOLD,HOLD,SHORT,True,True,False,False,True,BEARISH,,,BEAR,"{'bull_divergence': np.False_, 'bear_divergence': np.False_}"
6941,LONG,100.0,SIDEWAYS,-597.6468072582766,LONG,LONG,HOLD,LONG,HOLD,True,True,False,True,False,BULLISH,BULLISH_CHOCH,BULLISH_FVG,BEAR,"{'bull_divergence': np.False_, 'bear_divergence': np.True_}"
6990,LONG,71.8,SIDEWAYS,-215.71070657667926,LONG,LONG,LONG,HOLD,HOLD,True,True,True,False,False,,,,BULL,"{'bull_divergence': np.False_, 'bear_divergence': np.False_}"
7049,LONG,79.0,SIDEWAYS,-4.460026032576506,SHORT,LONG,HOLD,HOLD,HOLD,False,True,False,False,False,BULLISH,BULLISH_CHOCH,,BULL,"{'bull_divergence': np.False_, 'bear_divergence': np.True_}"
7051,LONG,79.0,SIDEWAYS,45.497379755422514,SHORT,LONG,HOLD,HOLD,HOLD,False,True,False,False,False,BULLISH,BULLISH_CHOCH,,BULL,"{'bull_divergence': np.False_, 'bear_divergence': np.True_}"
7053,LONG,100.0,SIDEWAYS,-143.57948564672566,SHORT,LONG,HOLD,HOLD,HOLD,False,True,False,False,False,BULLISH,BULLISH_CHOCH,BULLISH_FVG,BULL,"{'bull_divergence': np.False_, 'bear_divergence': np.False_}"
7064,SHORT,80.0,SIDEWAYS,-22.13174534968454,SHORT,SHORT,SHORT,HOLD,SHORT,True,True,True,False,True,,,,BULL,"{'bull_divergence': np.True_, 'bear_divergence': np.False_}"
7115,LONG,100.0,SIDEWAYS,-267.64419716280065,LONG,LONG,LONG,HOLD,HOLD,True,True,True,False,False,BULLISH,BULLISH_CHOCH,,BEAR,"{'bull_divergence': np.False_, 'bear_divergence': np.False_}"
7121,SHORT,50.8,SIDEWAYS,-20.556511167009965,SHORT,SHORT,HOLD,HOLD,SHORT,True,True,False,False,True,,,,BULL,"{'bull_divergence': np.False_, 'bear_divergence': np.False_}"
7123,LONG,80.0,SIDEWAYS,344.0442911546498,LONG,LONG,LONG,LONG,HOLD,True,True,True,True,False,,,BULLISH_FVG,BULL,"{'bull_divergence': np.False_, 'bear_divergence': np.False_}"
7210,SHORT,70.8,SIDEWAYS,-160.82262873522615,SHORT,SHORT,HOLD,LONG,SHORT,True,True,False,False,True,,,,BEAR,"{'bull_divergence': np.True_, 'bear_divergence': np.False_}"
7235,LONG,50.0,SIDEWAYS,-32.687115517782445,LONG,HOLD,SHORT,LONG,LONG,True,False,False,True,True,,,,BULL,"{'bull_divergence': np.False_, 'bear_divergence': np.False_}"
7255,SHORT,56.5,SIDEWAYS,95.08259924770871,SHORT,SHORT,HOLD,HOLD,HOLD,True,True,False,False,False,BEARISH,,,BEAR,"{'bull_divergence': np.True_, 'bear_divergence': np.False_}"
7337,LONG,100.0,SIDEWAYS,-341.4922757049313,LONG,LONG,HOLD,LONG,HOLD,True,True,False,True,False,BULLISH,BULLISH_CHOCH,BULLISH_FVG,BEAR,"{'bull_divergence': np.False_, 'bear_divergence': np.False_}"
7412,SHORT,100.0,SIDEWAYS,56.15168620587063,SHORT,SHORT,SHORT,LONG,HOLD,True,True,True,False,False,BEARISH,,BEARISH_FVG,BEAR,"{'bull_divergence': np.False_, 'bear_divergence': np.False_}"
7547,LONG,80.0,SIDEWAYS,-132.34516848787803,LONG,LONG,LONG,HOLD,LONG,True,True,True,False,True,,,,BULL,"{'bull_divergence': np.False_, 'bear_divergence': np.False_}"
7565,LONG,80.0,SIDEWAYS,-14.275498340459396,SHORT,LONG,LONG,HOLD,LONG,False,True,True,False,True,,,BULLISH_FVG,BEAR,"{'bull_divergence': np.False_, 'bear_divergence': np.False_}"
7572,LONG,58.4,SIDEWAYS,18.094007096620164,SHORT,LONG,LONG,HOLD,SHORT,False,True,True,False,False,,,,BEAR,"{'bull_divergence': np.False_, 'bear_divergence': np.True_}"
7580,SHORT,73.5,SIDEWAYS,231.1853302743226,SHORT,LONG,SHORT,HOLD,SHORT,True,False,True,False,True,BEARISH,,,BULL,"{'bull_divergence': np.False_, 'bear_divergence': np.False_}"
7673,LONG,70.8,SIDEWAYS,-299.295613795789,LONG,LONG,HOLD,HOLD,LONG,True,True,False,False,True,,,,BULL,"{'bull_divergence': np.False_, 'bear_divergence': np.True_}"
7698,SHORT,100.0,SIDEWAYS,237.81992538613008,SHORT,SHORT,SHORT,LONG,HOLD,True,True,True,False,False,BEARISH,,BEARISH_FVG,BULL,"{'bull_divergence': np.False_, 'bear_divergence': np.False_}"
7788,SHORT,76.8,SIDEWAYS,80.02366819064189,LONG,HOLD,SHORT,LONG,SHORT,False,False,True,False,True,,,,BEAR,"{'bull_divergence': np.False_, 'bear_divergence': np.False_}"
7797,LONG,100.0,SIDEWAYS,-379.50545206259653,LONG,LONG,LONG,LONG,HOLD,True,True,True,True,False,BULLISH,BULLISH_CHOCH,BULLISH_FVG,BEAR,"{'bull_divergence': np.False_, 'bear_divergence': np.False_}"
7848,SHORT,71.5,SIDEWAYS,-327.87249046356385,SHORT,SHORT,HOLD,HOLD,HOLD,True,True,False,False,False,BEARISH,,BEARISH_FVG,BEAR,"{'bull_divergence': np.False_, 'bear_divergence': np.False_}"
